transcript_id,transcript_position,score
tx_id_0,0,0.003625323
tx_id_0,10,0.7474619
tx_id_0,20,0.7915138
tx_id_0,30,0.93154716
tx_id_0,40,0.07891924
tx_id_0,50,0.005029333
tx_id_0,60,0.0020993492
tx_id_0,70,6.577846e-05
tx_id_0,80,0.00016799697
tx_id_0,90,0.008988711
tx_id_0,100,9.646352e-05
tx_id_0,110,8.980652e-05
tx_id_0,120,0.21789816
tx_id_0,130,0.0011325844
tx_id_0,140,0.30716333
tx_id_0,150,0.05885416
tx_id_0,160,0.012742254
tx_id_0,170,0.004354107
tx_id_0,180,0.75137377
tx_id_0,190,0.008357691
tx_id_0,200,0.14107502
tx_id_0,210,0.73168373
tx_id_0,220,0.0032607766
tx_id_0,230,0.0018793662
tx_id_0,240,0.33283198
tx_id_0,250,0.22468226
tx_id_0,260,0.6483662
tx_id_0,270,0.01576128
tx_id_0,280,0.010122517
tx_id_0,290,0.0007579496
tx_id_0,300,0.5805081
tx_id_0,310,0.61635184
tx_id_0,320,0.0051369183
tx_id_0,330,0.6778685
tx_id_0,340,0.00018914089
tx_id_0,350,0.11625933
tx_id_0,360,0.7434881
tx_id_0,370,0.30769953
tx_id_0,380,0.026326494
tx_id_0,390,0.11781453
tx_id_0,400,0.0003288278
tx_id_0,410,8.612777e-05
tx_id_0,420,0.010136534
tx_id_0,430,0.017283509
tx_id_0,440,0.57633436
tx_id_0,450,0.8057704
tx_id_0,460,0.3280469
tx_id_0,470,0.0005401899
tx_id_0,480,0.0018801258
tx_id_0,490,0.061776802
tx_id_0,500,0.764405
tx_id_0,510,0.79488456
tx_id_0,520,0.00029708364
tx_id_0,530,0.09816994
tx_id_0,540,0.011707727
tx_id_0,550,0.01955778
tx_id_0,560,0.0052068187
tx_id_0,570,0.00015174816
tx_id_0,580,0.00711916
tx_id_0,590,6.7333174e-05
tx_id_0,600,0.00034276024
tx_id_0,610,0.00227898
tx_id_0,620,0.03017303
tx_id_0,630,0.39349744
tx_id_0,640,0.22469823
tx_id_0,650,0.32937804
tx_id_0,660,0.0019306412
tx_id_0,670,0.64299273
tx_id_0,680,0.11373766
tx_id_0,690,0.8007947
tx_id_0,700,0.0077437526
tx_id_0,710,0.014948742
tx_id_0,720,0.014589255
tx_id_0,730,0.0017867099
tx_id_0,740,0.18629925
tx_id_0,750,0.018861437
tx_id_0,760,0.04410184
tx_id_0,770,0.05905742
tx_id_0,780,0.02398498
tx_id_0,790,0.54133326
tx_id_0,800,0.15206894
tx_id_0,810,0.12158709
tx_id_0,820,0.47922406
tx_id_0,830,0.00011534829
tx_id_0,840,0.0002123432
tx_id_0,850,0.5456612
tx_id_0,860,0.0030416967
tx_id_0,870,0.6420313
tx_id_0,880,0.4669131
tx_id_0,890,0.3298908
tx_id_0,900,0.0010637398
tx_id_0,910,5.2387728e-05
tx_id_0,920,0.5992224
tx_id_0,930,0.05638109
tx_id_0,940,0.048683327
tx_id_0,950,0.00027508233
tx_id_0,960,0.08626013
tx_id_0,970,0.016906273
tx_id_0,980,0.0040848018
tx_id_0,990,0.5075942
tx_id_0,1000,0.8038203
tx_id_0,1010,0.8144517
tx_id_0,1020,0.23904952
tx_id_0,1030,0.023506518
tx_id_0,1040,0.59734297
tx_id_0,1050,0.004951288
tx_id_0,1060,0.112175256
tx_id_0,1070,0.0077232136
tx_id_0,1080,0.24329574
tx_id_0,1090,0.33077854
tx_id_0,1100,5.509595e-05
tx_id_0,1110,0.8306088
tx_id_0,1120,0.123486616
tx_id_0,1130,0.037251525
tx_id_0,1140,0.3825034
tx_id_0,1150,0.0057629757
tx_id_0,1160,0.3279728
tx_id_0,1170,0.3838758
tx_id_0,1180,0.03055187
tx_id_0,1190,0.59890807
tx_id_0,1200,0.00018320914
tx_id_0,1210,0.72058976
tx_id_0,1220,0.059206992
tx_id_0,1230,0.06828023
tx_id_0,1240,0.00041612936
tx_id_0,1250,0.01686995
tx_id_0,1260,7.7090364e-05
tx_id_0,1270,0.29542825
tx_id_0,1280,0.403506
tx_id_0,1290,0.0034974688
tx_id_0,1300,0.0002217635
tx_id_0,1310,0.51725906
tx_id_0,1320,0.00027416542
tx_id_0,1330,0.031667493
tx_id_0,1340,0.6646
tx_id_0,1350,0.65775704
tx_id_0,1360,0.028406987
tx_id_0,1370,0.003538002
tx_id_0,1380,0.6174866
tx_id_0,1390,0.50209725
tx_id_0,1400,0.66695726
tx_id_0,1410,0.010264227
tx_id_0,1420,0.058520634
tx_id_0,1430,0.0017941864
tx_id_0,1440,0.15541412
tx_id_0,1450,8.4889776e-05
tx_id_0,1460,0.36287123
tx_id_0,1470,0.004909733
tx_id_0,1480,0.10779662
tx_id_0,1490,0.022042666
tx_id_0,1500,0.0035903477
tx_id_0,1510,0.0035933137
tx_id_0,1520,0.21552867
tx_id_0,1530,0.057801154
tx_id_0,1540,0.0063231215
tx_id_0,1550,0.3827175
tx_id_0,1560,0.0080756005
tx_id_0,1570,0.00018752672
tx_id_0,1580,0.13599268
tx_id_0,1590,0.7774396
tx_id_0,1600,0.0037943944
tx_id_0,1610,0.71987
tx_id_0,1620,0.76307636
tx_id_0,1630,0.007837517
tx_id_0,1640,0.31714576
tx_id_0,1650,0.02424068
tx_id_0,1660,0.031362224
tx_id_0,1670,0.14770356
tx_id_0,1680,0.25269145
tx_id_0,1690,7.713853e-05
tx_id_0,1700,0.0035286609
tx_id_0,1710,0.64361393
tx_id_0,1720,0.63142043
tx_id_0,1730,0.025488274
tx_id_0,1740,0.008961407
tx_id_0,1750,0.71399105
tx_id_0,1760,0.24653104
tx_id_0,1770,0.000111389134
tx_id_0,1780,0.016782774
tx_id_0,1790,0.050459985
tx_id_0,1800,0.000406727
tx_id_0,1810,0.15908733
tx_id_0,1820,0.36659396
tx_id_0,1830,0.0025656037
tx_id_0,1840,0.0017303876
tx_id_0,1850,0.0013172207
tx_id_0,1860,0.7205725
tx_id_0,1870,0.53550637
tx_id_0,1880,0.0015711734
tx_id_1,0,0.003916903
tx_id_1,10,0.72242177
tx_id_1,20,0.77928746
tx_id_1,30,0.9369466
tx_id_1,40,0.073678456
tx_id_1,50,0.006631088
tx_id_1,60,0.0019817585
tx_id_1,70,6.3471816e-05
tx_id_1,80,0.00016237203
tx_id_1,90,0.008453137
tx_id_1,100,0.00010151853
tx_id_1,110,8.8399895e-05
tx_id_1,120,0.17075068
tx_id_1,130,0.0011437387
tx_id_1,140,0.26615232
tx_id_1,150,0.040318735
tx_id_1,160,0.013032364
tx_id_1,170,0.004280628
tx_id_1,180,0.7486911
tx_id_1,190,0.00833434
tx_id_1,200,0.11427184
tx_id_1,210,0.747821
tx_id_1,220,0.0031048714
tx_id_1,230,0.0020940455
tx_id_1,240,0.27111578
tx_id_1,250,0.20753014
tx_id_1,260,0.63033324
tx_id_1,270,0.015754418
tx_id_1,280,0.006755341
tx_id_1,290,0.001630461
tx_id_1,300,0.5656145
tx_id_1,310,0.669055
tx_id_1,320,0.0061432132
tx_id_1,330,0.5868182
tx_id_1,340,0.00021348067
tx_id_1,350,0.079564296
tx_id_1,360,0.7356001
tx_id_1,370,0.24034764
tx_id_1,380,0.025445765
tx_id_1,390,0.13447644
tx_id_1,400,0.00034075946
tx_id_1,410,8.9705856e-05
tx_id_1,420,0.010003395
tx_id_1,430,0.018007193
tx_id_1,440,0.5784265
tx_id_1,450,0.7918292
tx_id_1,460,0.331756
tx_id_1,470,0.00056343735
tx_id_1,480,0.0016607825
tx_id_1,490,0.048821904
tx_id_1,500,0.7405127
tx_id_1,510,0.7903298
tx_id_1,520,0.0003049809
tx_id_1,530,0.09532389
tx_id_1,540,0.011947491
tx_id_1,550,0.01604303
tx_id_1,560,0.005674857
tx_id_1,570,0.0001549382
tx_id_1,580,0.013157788
tx_id_1,590,6.4152075e-05
tx_id_1,600,0.00034646527
tx_id_1,610,0.0027781085
tx_id_1,620,0.023335798
tx_id_1,630,0.39288473
tx_id_1,640,0.15270467
tx_id_1,650,0.3146693
tx_id_1,660,0.0022895844
tx_id_1,670,0.61415565
tx_id_1,680,0.108012296
tx_id_1,690,0.7815367
tx_id_1,700,0.0072528454
tx_id_1,710,0.01361215
tx_id_1,720,0.011033465
tx_id_1,730,0.0015934479
tx_id_1,740,0.12812051
tx_id_1,750,0.018774768
tx_id_1,760,0.036557708
tx_id_1,770,0.07181861
tx_id_1,780,0.031405285
tx_id_1,790,0.5965073
tx_id_1,800,0.1360293
tx_id_1,810,0.11143851
tx_id_1,820,0.42793804
tx_id_1,830,0.00012576203
tx_id_1,840,0.00021617726
tx_id_1,850,0.5317596
tx_id_1,860,0.0031252734
tx_id_1,870,0.6057496
tx_id_1,880,0.42660612
tx_id_1,890,0.27991572
tx_id_1,900,0.0010938419
tx_id_1,910,5.9543912e-05
tx_id_1,920,0.58184254
tx_id_1,930,0.051841512
tx_id_1,940,0.050902136
tx_id_1,950,0.00029024883
tx_id_1,960,0.08500905
tx_id_1,970,0.019308876
tx_id_1,980,0.0036792816
tx_id_1,990,0.4501223
tx_id_1,1000,0.7819457
tx_id_1,1010,0.81087905
tx_id_1,1020,0.18096787
tx_id_1,1030,0.0258141
tx_id_1,1040,0.5324149
tx_id_1,1050,0.0048597734
tx_id_1,1060,0.08356093
tx_id_1,1070,0.010723563
tx_id_1,1080,0.2050464
tx_id_1,1090,0.32623392
tx_id_1,1100,4.511502e-05
tx_id_1,1110,0.8101535
tx_id_1,1120,0.118467264
tx_id_1,1130,0.032606184
tx_id_1,1140,0.34379652
tx_id_1,1150,0.006731987
tx_id_1,1160,0.26905432
tx_id_1,1170,0.37991777
tx_id_1,1180,0.027678007
tx_id_1,1190,0.55981296
tx_id_1,1200,0.00019251952
tx_id_1,1210,0.7160739
tx_id_1,1220,0.05409654
tx_id_1,1230,0.05842998
tx_id_1,1240,0.00035935122
tx_id_1,1250,0.017053148
tx_id_1,1260,7.624522e-05
tx_id_1,1270,0.2892236
tx_id_1,1280,0.41416126
tx_id_1,1290,0.0045283674
tx_id_1,1300,0.00022029087
tx_id_1,1310,0.39555278
tx_id_1,1320,0.00027357345
tx_id_1,1330,0.03427675
tx_id_1,1340,0.68421316
tx_id_1,1350,0.64764524
tx_id_1,1360,0.01617437
tx_id_1,1370,0.003628449
tx_id_1,1380,0.6219467
tx_id_1,1390,0.54470944
tx_id_1,1400,0.6229203
tx_id_1,1410,0.010309181
tx_id_1,1420,0.050872516
tx_id_1,1430,0.0016919399
tx_id_1,1440,0.11051111
tx_id_1,1450,8.495367e-05
tx_id_1,1460,0.40267792
tx_id_1,1470,0.0057801544
tx_id_1,1480,0.10541402
tx_id_1,1490,0.023990015
tx_id_1,1500,0.005013687
tx_id_1,1510,0.0037653318
tx_id_1,1520,0.24419788
tx_id_1,1530,0.057037227
tx_id_1,1540,0.0065375827
tx_id_1,1550,0.37043
tx_id_1,1560,0.009498943
tx_id_1,1570,0.00020493846
tx_id_1,1580,0.13827479
tx_id_1,1590,0.7646137
tx_id_1,1600,0.0036093313
tx_id_1,1610,0.69368106
tx_id_1,1620,0.7880597
tx_id_1,1630,0.008482343
tx_id_1,1640,0.25988767
tx_id_1,1650,0.023411455
tx_id_1,1660,0.027230466
tx_id_1,1670,0.1674271
tx_id_1,1680,0.22303061
tx_id_1,1690,8.1184975e-05
tx_id_1,1700,0.0034365826
tx_id_1,1710,0.6390823
tx_id_1,1720,0.6350715
tx_id_1,1730,0.03036173
tx_id_1,1740,0.0077889743
tx_id_1,1750,0.7093784
tx_id_1,1760,0.24325828
tx_id_1,1770,0.000106016414
tx_id_1,1780,0.015345228
tx_id_1,1790,0.04614995
tx_id_1,1800,0.0004465126
tx_id_1,1810,0.103243664
tx_id_1,1820,0.36887807
tx_id_1,1830,0.0025359013
tx_id_1,1840,0.0019484896
tx_id_1,1850,0.0014814213
tx_id_1,1860,0.6776943
tx_id_1,1870,0.54400873
tx_id_1,1880,0.0015194042
tx_id_2,0,0.0036880597
tx_id_2,10,0.64517415
tx_id_2,20,0.6751526
tx_id_2,30,0.9170547
tx_id_2,40,0.062497955
tx_id_2,50,0.008177631
tx_id_2,60,0.0018972182
tx_id_2,70,7.246901e-05
tx_id_2,80,0.00018416911
tx_id_2,90,0.010754241
tx_id_2,100,0.00013602285
tx_id_2,110,0.00010423648
tx_id_2,120,0.15673238
tx_id_2,130,0.0012425489
tx_id_2,140,0.08806411
tx_id_2,150,0.032238547
tx_id_2,160,0.016113998
tx_id_2,170,0.003583475
tx_id_2,180,0.6562505
tx_id_2,190,0.008598365
tx_id_2,200,0.059667815
tx_id_2,210,0.7324659
tx_id_2,220,0.0048023723
tx_id_2,230,0.0027369147
tx_id_2,240,0.19893414
tx_id_2,250,0.06684122
tx_id_2,260,0.43819278
tx_id_2,270,0.016251855
tx_id_2,280,0.004077571
tx_id_2,290,0.0009445944
tx_id_2,300,0.47701505
tx_id_2,310,0.544044
tx_id_2,320,0.009838771
tx_id_2,330,0.18703492
tx_id_2,340,0.00016248107
tx_id_2,350,0.04688338
tx_id_2,360,0.6268064
tx_id_2,370,0.1598129
tx_id_2,380,0.024263555
tx_id_2,390,0.102929346
tx_id_2,400,0.00036733592
tx_id_2,410,0.00010554807
tx_id_2,420,0.008838791
tx_id_2,430,0.018544845
tx_id_2,440,0.5255188
tx_id_2,450,0.7274153
tx_id_2,460,0.28176656
tx_id_2,470,0.0006151095
tx_id_2,480,0.002902276
tx_id_2,490,0.04842178
tx_id_2,500,0.6853025
tx_id_2,510,0.6796356
tx_id_2,520,0.00031641463
tx_id_2,530,0.08106687
tx_id_2,540,0.012844632
tx_id_2,550,0.015137536
tx_id_2,560,0.005676057
tx_id_2,570,0.0001797325
tx_id_2,580,0.012702749
tx_id_2,590,0.00010197727
tx_id_2,600,0.00045550102
tx_id_2,610,0.00804823
tx_id_2,620,0.018966256
tx_id_2,630,0.30102718
tx_id_2,640,0.051486358
tx_id_2,650,0.23292345
tx_id_2,660,0.002470064
tx_id_2,670,0.4425481
tx_id_2,680,0.093040034
tx_id_2,690,0.7340646
tx_id_2,700,0.013772923
tx_id_2,710,0.014861654
tx_id_2,720,0.0106018055
tx_id_2,730,0.002029669
tx_id_2,740,0.031549647
tx_id_2,750,0.019451348
tx_id_2,760,0.04345798
tx_id_2,770,0.057665918
tx_id_2,780,0.05450302
tx_id_2,790,0.5748485
tx_id_2,800,0.060982414
tx_id_2,810,0.058338344
tx_id_2,820,0.25587064
tx_id_2,830,0.00015779756
tx_id_2,840,0.0002335223
tx_id_2,850,0.4233997
tx_id_2,860,0.0033409896
tx_id_2,870,0.32259178
tx_id_2,880,0.19484094
tx_id_2,890,0.11265076
tx_id_2,900,0.0010608834
tx_id_2,910,8.0369704e-05
tx_id_2,920,0.37747154
tx_id_2,930,0.035772745
tx_id_2,940,0.05390234
tx_id_2,950,0.00031735355
tx_id_2,960,0.116931185
tx_id_2,970,0.028250197
tx_id_2,980,0.0020881402
tx_id_2,990,0.19732042
tx_id_2,1000,0.5986123
tx_id_2,1010,0.7100501
tx_id_2,1020,0.079194844
tx_id_2,1030,0.02559492
tx_id_2,1040,0.3324078
tx_id_2,1050,0.0052072955
tx_id_2,1060,0.04056218
tx_id_2,1070,0.016043112
tx_id_2,1080,0.13482912
tx_id_2,1090,0.255683
tx_id_2,1100,6.522523e-05
tx_id_2,1110,0.67398304
tx_id_2,1120,0.09948746
tx_id_2,1130,0.025666371
tx_id_2,1140,0.33838502
tx_id_2,1150,0.00917755
tx_id_2,1160,0.094005466
tx_id_2,1170,0.08602402
tx_id_2,1180,0.019275172
tx_id_2,1190,0.31539717
tx_id_2,1200,0.0002655891
tx_id_2,1210,0.5752262
tx_id_2,1220,0.027625537
tx_id_2,1230,0.05611651
tx_id_2,1240,0.00028421375
tx_id_2,1250,0.017739821
tx_id_2,1260,7.594813e-05
tx_id_2,1270,0.09227824
tx_id_2,1280,0.49718645
tx_id_2,1290,0.008965265
tx_id_2,1300,0.00032047334
tx_id_2,1310,0.2076644
tx_id_2,1320,0.00019431299
tx_id_2,1330,0.030369433
tx_id_2,1340,0.59593016
tx_id_2,1350,0.46432292
tx_id_2,1360,0.016140344
tx_id_2,1370,0.0035566129
tx_id_2,1380,0.58113146
tx_id_2,1390,0.5970962
tx_id_2,1400,0.58910954
tx_id_2,1410,0.014640008
tx_id_2,1420,0.03235925
tx_id_2,1430,0.0020128943
tx_id_2,1440,0.055628393
tx_id_2,1450,0.00010714983
tx_id_2,1460,0.26059005
tx_id_2,1470,0.010178922
tx_id_2,1480,0.07309271
tx_id_2,1490,0.01953098
tx_id_2,1500,0.00880734
tx_id_2,1510,0.0034629214
tx_id_2,1520,0.4416563
tx_id_2,1530,0.025699494
tx_id_2,1540,0.009884891
tx_id_2,1550,0.26024905
tx_id_2,1560,0.014105513
tx_id_2,1570,0.0002607984
tx_id_2,1580,0.09655117
tx_id_2,1590,0.65913415
tx_id_2,1600,0.0049538184
tx_id_2,1610,0.61759925
tx_id_2,1620,0.7647024
tx_id_2,1630,0.012053864
tx_id_2,1640,0.09455707
tx_id_2,1650,0.022140197
tx_id_2,1660,0.012100004
tx_id_2,1670,0.16821094
tx_id_2,1680,0.15135638
tx_id_2,1690,7.226591e-05
tx_id_2,1700,0.015086949
tx_id_2,1710,0.6607157
tx_id_2,1720,0.54776114
tx_id_2,1730,0.017308038
tx_id_2,1740,0.0043158084
tx_id_2,1750,0.6527951
tx_id_2,1760,0.10247783
tx_id_2,1770,0.000102731734
tx_id_2,1780,0.018697374
tx_id_2,1790,0.022875447
tx_id_2,1800,0.00056155905
tx_id_2,1810,0.10056756
tx_id_2,1820,0.1191665
tx_id_2,1830,0.0031930383
tx_id_2,1840,0.0027362835
tx_id_2,1850,0.0009357821
tx_id_2,1860,0.657709
tx_id_2,1870,0.26217344
tx_id_2,1880,0.0023059181
tx_id_3,0,0.0035152426
tx_id_3,10,0.60811126
tx_id_3,20,0.6364426
tx_id_3,30,0.9090704
tx_id_3,40,0.058185596
tx_id_3,50,0.0072027505
tx_id_3,60,0.0019332496
tx_id_3,70,7.9119185e-05
tx_id_3,80,0.00019131089
tx_id_3,90,0.011485942
tx_id_3,100,0.00014487717
tx_id_3,110,0.00010768082
tx_id_3,120,0.12192944
tx_id_3,130,0.0012091238
tx_id_3,140,0.070373535
tx_id_3,150,0.031868435
tx_id_3,160,0.018302487
tx_id_3,170,0.0032982887
tx_id_3,180,0.6495621
tx_id_3,190,0.0084039485
tx_id_3,200,0.05075094
tx_id_3,210,0.7276345
tx_id_3,220,0.0051255096
tx_id_3,230,0.003070682
tx_id_3,240,0.19666485
tx_id_3,250,0.04741245
tx_id_3,260,0.30668715
tx_id_3,270,0.016922811
tx_id_3,280,0.0064196535
tx_id_3,290,0.0007323677
tx_id_3,300,0.44133598
tx_id_3,310,0.48516124
tx_id_3,320,0.009469191
tx_id_3,330,0.12253915
tx_id_3,340,0.00016645729
tx_id_3,350,0.03678133
tx_id_3,360,0.5900574
tx_id_3,370,0.14381836
tx_id_3,380,0.025938634
tx_id_3,390,0.09573844
tx_id_3,400,0.00035069144
tx_id_3,410,0.00010335835
tx_id_3,420,0.008671225
tx_id_3,430,0.019882828
tx_id_3,440,0.5656124
tx_id_3,450,0.6839218
tx_id_3,460,0.2726138
tx_id_3,470,0.00058156403
tx_id_3,480,0.00315195
tx_id_3,490,0.04219572
tx_id_3,500,0.67607236
tx_id_3,510,0.63122797
tx_id_3,520,0.0002942726
tx_id_3,530,0.079572596
tx_id_3,540,0.0142574115
tx_id_3,550,0.0141090285
tx_id_3,560,0.0057895742
tx_id_3,570,0.00018394412
tx_id_3,580,0.01579816
tx_id_3,590,0.000107362044
tx_id_3,600,0.0004839473
tx_id_3,610,0.008986554
tx_id_3,620,0.018138602
tx_id_3,630,0.2437393
tx_id_3,640,0.041108415
tx_id_3,650,0.26078337
tx_id_3,660,0.002351015
tx_id_3,670,0.39323547
tx_id_3,680,0.06931766
tx_id_3,690,0.6610879
tx_id_3,700,0.016339859
tx_id_3,710,0.014781282
tx_id_3,720,0.01129622
tx_id_3,730,0.0021613322
tx_id_3,740,0.023295825
tx_id_3,750,0.01694603
tx_id_3,760,0.039282825
tx_id_3,770,0.09038229
tx_id_3,780,0.110665604
tx_id_3,790,0.5647004
tx_id_3,800,0.04362289
tx_id_3,810,0.050504092
tx_id_3,820,0.15956225
tx_id_3,830,0.0001334947
tx_id_3,840,0.0002581319
tx_id_3,850,0.4046177
tx_id_3,860,0.0021192532
tx_id_3,870,0.29336688
tx_id_3,880,0.13771707
tx_id_3,890,0.083567284
tx_id_3,900,0.00122883
tx_id_3,910,8.999032e-05
tx_id_3,920,0.16564032
tx_id_3,930,0.029977653
tx_id_3,940,0.060642656
tx_id_3,950,0.00029828388
tx_id_3,960,0.10999677
tx_id_3,970,0.028928898
tx_id_3,980,0.0020735925
tx_id_3,990,0.13362391
tx_id_3,1000,0.57721657
tx_id_3,1010,0.6692782
tx_id_3,1020,0.06361399
tx_id_3,1030,0.02503314
tx_id_3,1040,0.23340471
tx_id_3,1050,0.006062649
tx_id_3,1060,0.034947526
tx_id_3,1070,0.015125592
tx_id_3,1080,0.088129826
tx_id_3,1090,0.23901299
tx_id_3,1100,6.4045715e-05
tx_id_3,1110,0.6144178
tx_id_3,1120,0.08813412
tx_id_3,1130,0.024763485
tx_id_3,1140,0.06976941
tx_id_3,1150,0.011719352
tx_id_3,1160,0.06238457
tx_id_3,1170,0.07132458
tx_id_3,1180,0.018097157
tx_id_3,1190,0.33033055
tx_id_3,1200,0.00021420428
tx_id_3,1210,0.5803837
tx_id_3,1220,0.022897687
tx_id_3,1230,0.050638966
tx_id_3,1240,0.0002600163
tx_id_3,1250,0.017898766
tx_id_3,1260,6.0853883e-05
tx_id_3,1270,0.055964436
tx_id_3,1280,0.38402465
tx_id_3,1290,0.010604937
tx_id_3,1300,0.0003257143
tx_id_3,1310,0.23538753
tx_id_3,1320,0.0003131456
tx_id_3,1330,0.02954138
tx_id_3,1340,0.5729698
tx_id_3,1350,0.43217477
tx_id_3,1360,0.014451873
tx_id_3,1370,0.003546662
tx_id_3,1380,0.53956646
tx_id_3,1390,0.59610033
tx_id_3,1400,0.6222602
tx_id_3,1410,0.016291415
tx_id_3,1420,0.02944242
tx_id_3,1430,0.0019972678
tx_id_3,1440,0.063056886
tx_id_3,1450,9.593898e-05
tx_id_3,1460,0.23822935
tx_id_3,1470,0.011551185
tx_id_3,1480,0.058538403
tx_id_3,1490,0.01953265
tx_id_3,1500,0.007932686
tx_id_3,1510,0.0036822893
tx_id_3,1520,0.461249
tx_id_3,1530,0.023145147
tx_id_3,1540,0.009923368
tx_id_3,1550,0.24257955
tx_id_3,1560,0.01650788
tx_id_3,1570,0.00030887444
tx_id_3,1580,0.09319978
tx_id_3,1590,0.5874713
tx_id_3,1600,0.0054722712
tx_id_3,1610,0.5788053
tx_id_3,1620,0.7345341
tx_id_3,1630,0.013012434
tx_id_3,1640,0.0757685
tx_id_3,1650,0.019550342
tx_id_3,1660,0.012116487
tx_id_3,1670,0.16361323
tx_id_3,1680,0.13359687
tx_id_3,1690,5.0611252e-05
tx_id_3,1700,0.012528449
tx_id_3,1710,0.58827657
tx_id_3,1720,0.54407895
tx_id_3,1730,0.01767241
tx_id_3,1740,0.005094864
tx_id_3,1750,0.6004789
tx_id_3,1760,0.10906032
tx_id_3,1770,9.00092e-05
tx_id_3,1780,0.015122255
tx_id_3,1790,0.016082058
tx_id_3,1800,0.0005370398
tx_id_3,1810,0.11869118
tx_id_3,1820,0.08063843
tx_id_3,1830,0.002445345
tx_id_3,1840,0.0038531686
tx_id_3,1850,0.0011090096
tx_id_3,1860,0.6233523
tx_id_3,1870,0.2504358
tx_id_3,1880,0.0026430918
tx_id_4,0,0.0042238547
tx_id_4,10,0.42996487
tx_id_4,20,0.40334827
tx_id_4,30,0.80972934
tx_id_4,40,0.05513525
tx_id_4,50,0.008623684
tx_id_4,60,0.0021418259
tx_id_4,70,8.795408e-05
tx_id_4,80,0.00022634437
tx_id_4,90,0.014925764
tx_id_4,100,0.00018292163
tx_id_4,110,0.00012630825
tx_id_4,120,0.102921166
tx_id_4,130,0.0016596444
tx_id_4,140,0.039168585
tx_id_4,150,0.026396796
tx_id_4,160,0.020521162
tx_id_4,170,0.0027405466
tx_id_4,180,0.5193197
tx_id_4,190,0.0062954566
tx_id_4,200,0.031914636
tx_id_4,210,0.6287039
tx_id_4,220,0.0068392344
tx_id_4,230,0.004312222
tx_id_4,240,0.16851047
tx_id_4,250,0.031292595
tx_id_4,260,0.16103658
tx_id_4,270,0.0153008
tx_id_4,280,0.0037313818
tx_id_4,290,0.0008042759
tx_id_4,300,0.24482037
tx_id_4,310,0.35160068
tx_id_4,320,0.014627281
tx_id_4,330,0.01173815
tx_id_4,340,0.00013461665
tx_id_4,350,0.020674352
tx_id_4,360,0.3826997
tx_id_4,370,0.08540462
tx_id_4,380,0.022829674
tx_id_4,390,0.0866915
tx_id_4,400,0.0003787112
tx_id_4,410,0.00010545007
tx_id_4,420,0.0075674905
tx_id_4,430,0.026175218
tx_id_4,440,0.45040986
tx_id_4,450,0.49167177
tx_id_4,460,0.11219831
tx_id_4,470,0.00052288326
tx_id_4,480,0.0046017156
tx_id_4,490,0.033973847
tx_id_4,500,0.5208353
tx_id_4,510,0.41747844
tx_id_4,520,0.00034077174
tx_id_4,530,0.06330273
tx_id_4,540,0.0122836735
tx_id_4,550,0.009177289
tx_id_4,560,0.0076584425
tx_id_4,570,0.00021399198
tx_id_4,580,0.023696106
tx_id_4,590,0.00014217634
tx_id_4,600,0.00048683304
tx_id_4,610,0.01582592
tx_id_4,620,0.012656849
tx_id_4,630,0.16082707
tx_id_4,640,0.013365945
tx_id_4,650,0.12920621
tx_id_4,660,0.0029748234
tx_id_4,670,0.2218511
tx_id_4,680,0.046235222
tx_id_4,690,0.47078037
tx_id_4,700,0.019983804
tx_id_4,710,0.014087953
tx_id_4,720,0.011174891
tx_id_4,730,0.0018326401
tx_id_4,740,0.011646265
tx_id_4,750,0.014172226
tx_id_4,760,0.037049077
tx_id_4,770,0.14332178
tx_id_4,780,0.06911857
tx_id_4,790,0.5039878
tx_id_4,800,0.027638093
tx_id_4,810,0.02596148
tx_id_4,820,0.05175787
tx_id_4,830,0.00015826349
tx_id_4,840,0.0002772493
tx_id_4,850,0.20531219
tx_id_4,860,0.004182361
tx_id_4,870,0.12782426
tx_id_4,880,0.03529388
tx_id_4,890,0.040203717
tx_id_4,900,0.0011202209
tx_id_4,910,0.00015530575
tx_id_4,920,0.23105896
tx_id_4,930,0.02492516
tx_id_4,940,0.07724057
tx_id_4,950,0.00035387368
tx_id_4,960,0.11481298
tx_id_4,970,0.034226794
tx_id_4,980,0.0018860239
tx_id_4,990,0.046963297
tx_id_4,1000,0.38527286
tx_id_4,1010,0.3385431
tx_id_4,1020,0.04149292
tx_id_4,1030,0.025702173
tx_id_4,1040,0.10499208
tx_id_4,1050,0.0074323323
tx_id_4,1060,0.017744524
tx_id_4,1070,0.02195219
tx_id_4,1080,0.07277943
tx_id_4,1090,0.18561628
tx_id_4,1100,5.45087e-05
tx_id_4,1110,0.21821092
tx_id_4,1120,0.073074795
tx_id_4,1130,0.01891644
tx_id_4,1140,0.074266255
tx_id_4,1150,0.015890403
tx_id_4,1160,0.02879158
tx_id_4,1170,0.030744541
tx_id_4,1180,0.013236315
tx_id_4,1190,0.10574613
tx_id_4,1200,0.00038727766
tx_id_4,1210,0.3256309
tx_id_4,1220,0.0111968005
tx_id_4,1230,0.043354776
tx_id_4,1240,0.00022410163
tx_id_4,1250,0.02013927
tx_id_4,1260,7.1564566e-05
tx_id_4,1270,0.029851902
tx_id_4,1280,0.21862218
tx_id_4,1290,0.024402997
tx_id_4,1300,0.00047886773
tx_id_4,1310,0.087015465
tx_id_4,1320,0.00032067503
tx_id_4,1330,0.02250736
tx_id_4,1340,0.35420668
tx_id_4,1350,0.20917827
tx_id_4,1360,0.009766992
tx_id_4,1370,0.0042918986
tx_id_4,1380,0.42177054
tx_id_4,1390,0.50193185
tx_id_4,1400,0.71483785
tx_id_4,1410,0.017083691
tx_id_4,1420,0.021616505
tx_id_4,1430,0.0024613405
tx_id_4,1440,0.038541686
tx_id_4,1450,0.00014263843
tx_id_4,1460,0.15153758
tx_id_4,1470,0.019246157
tx_id_4,1480,0.035819225
tx_id_4,1490,0.0196053
tx_id_4,1500,0.0103671895
tx_id_4,1510,0.0037114185
tx_id_4,1520,0.37170586
tx_id_4,1530,0.016379869
tx_id_4,1540,0.013882273
tx_id_4,1550,0.17138913
tx_id_4,1560,0.017880905
tx_id_4,1570,0.0004814705
tx_id_4,1580,0.055251893
tx_id_4,1590,0.22079836
tx_id_4,1600,0.002962753
tx_id_4,1610,0.3108776
tx_id_4,1620,0.55680454
tx_id_4,1630,0.01684282
tx_id_4,1640,0.015287629
tx_id_4,1650,0.015828528
tx_id_4,1660,0.0077210655
tx_id_4,1670,0.11172189
tx_id_4,1680,0.09244199
tx_id_4,1690,4.7381815e-05
tx_id_4,1700,0.02120419
tx_id_4,1710,0.2737778
tx_id_4,1720,0.3676087
tx_id_4,1730,0.007999312
tx_id_4,1740,0.0032862595
tx_id_4,1750,0.38923272
tx_id_4,1760,0.069276296
tx_id_4,1770,0.00013276692
tx_id_4,1780,0.010961995
tx_id_4,1790,0.012251871
tx_id_4,1800,0.0007171771
tx_id_4,1810,0.045545977
tx_id_4,1820,0.05200167
tx_id_4,1830,0.004324201
tx_id_4,1840,0.0039089005
tx_id_4,1850,0.0008460342
tx_id_4,1860,0.36889783
tx_id_4,1870,0.09475577
tx_id_4,1880,0.0033548158
tx_id_5,0,0.0051425723
tx_id_5,10,0.14793591
tx_id_5,20,0.20519795
tx_id_5,30,0.4259104
tx_id_5,40,0.0479764
tx_id_5,50,0.010768302
tx_id_5,60,0.002635428
tx_id_5,70,0.00010737515
tx_id_5,80,0.00027421664
tx_id_5,90,0.016350087
tx_id_5,100,0.0002761055
tx_id_5,110,0.0001418738
tx_id_5,120,0.08594821
tx_id_5,130,0.0018451632
tx_id_5,140,0.022071049
tx_id_5,150,0.017327206
tx_id_5,160,0.019605272
tx_id_5,170,0.003251258
tx_id_5,180,0.15008213
tx_id_5,190,0.0052587646
tx_id_5,200,0.015112811
tx_id_5,210,0.20617273
tx_id_5,220,0.014056257
tx_id_5,230,0.005799021
tx_id_5,240,0.13886265
tx_id_5,250,0.01870201
tx_id_5,260,0.027232729
tx_id_5,270,0.013707483
tx_id_5,280,0.0021109157
tx_id_5,290,0.001283434
tx_id_5,300,0.043456413
tx_id_5,310,0.16941178
tx_id_5,320,0.019517956
tx_id_5,330,0.004346969
tx_id_5,340,0.00010998149
tx_id_5,350,0.010286759
tx_id_5,360,0.06546567
tx_id_5,370,0.051631622
tx_id_5,380,0.01886466
tx_id_5,390,0.063504405
tx_id_5,400,0.00038408517
tx_id_5,410,0.00014598278
tx_id_5,420,0.006017039
tx_id_5,430,0.03176951
tx_id_5,440,0.1247639
tx_id_5,450,0.111347
tx_id_5,460,0.037552234
tx_id_5,470,0.0004869716
tx_id_5,480,0.007021672
tx_id_5,490,0.027116582
tx_id_5,500,0.19410276
tx_id_5,510,0.19317186
tx_id_5,520,0.00041325224
tx_id_5,530,0.04693344
tx_id_5,540,0.011437004
tx_id_5,550,0.0043345653
tx_id_5,560,0.006253598
tx_id_5,570,0.0002241311
tx_id_5,580,0.027134147
tx_id_5,590,0.00019467945
tx_id_5,600,0.0005006894
tx_id_5,610,0.020192621
tx_id_5,620,0.01028717
tx_id_5,630,0.05894978
tx_id_5,640,0.006136338
tx_id_5,650,0.07547142
tx_id_5,660,0.0035131087
tx_id_5,670,0.11738874
tx_id_5,680,0.0321296
tx_id_5,690,0.17834288
tx_id_5,700,0.024185853
tx_id_5,710,0.012868634
tx_id_5,720,0.011298873
tx_id_5,730,0.0022154648
tx_id_5,740,0.0031911738
tx_id_5,750,0.01609104
tx_id_5,760,0.030237418
tx_id_5,770,0.24684554
tx_id_5,780,0.042584777
tx_id_5,790,0.21521463
tx_id_5,800,0.014874245
tx_id_5,810,0.010862503
tx_id_5,820,0.025827155
tx_id_5,830,0.00017220319
tx_id_5,840,0.000303741
tx_id_5,850,0.14826837
tx_id_5,860,0.0048553776
tx_id_5,870,0.06825163
tx_id_5,880,0.006845414
tx_id_5,890,0.028040525
tx_id_5,900,0.0016187107
tx_id_5,910,0.00024041928
tx_id_5,920,0.12728639
tx_id_5,930,0.010730353
tx_id_5,940,0.095277525
tx_id_5,950,0.00038030362
tx_id_5,960,0.09120061
tx_id_5,970,0.038619354
tx_id_5,980,0.0009926977
tx_id_5,990,0.01275703
tx_id_5,1000,0.117080934
tx_id_5,1010,0.09266185
tx_id_5,1020,0.02188364
tx_id_5,1030,0.026859576
tx_id_5,1040,0.049922004
tx_id_5,1050,0.010353319
tx_id_5,1060,0.009190693
tx_id_5,1070,0.023843119
tx_id_5,1080,0.047189083
tx_id_5,1090,0.121334106
tx_id_5,1100,7.777997e-05
tx_id_5,1110,0.058579262
tx_id_5,1120,0.06850853
tx_id_5,1130,0.0130922375
tx_id_5,1140,0.03642791
tx_id_5,1150,0.021648645
tx_id_5,1160,0.016472654
tx_id_5,1170,0.015578221
tx_id_5,1180,0.009684986
tx_id_5,1190,0.036628883
tx_id_5,1200,0.00056792423
tx_id_5,1210,0.13869537
tx_id_5,1220,0.005278214
tx_id_5,1230,0.03132938
tx_id_5,1240,0.00022445939
tx_id_5,1250,0.021188121
tx_id_5,1260,8.220817e-05
tx_id_5,1270,0.013298704
tx_id_5,1280,0.08142606
tx_id_5,1290,0.07161226
tx_id_5,1300,0.000588492
tx_id_5,1310,0.06907779
tx_id_5,1320,0.0004437196
tx_id_5,1330,0.024603436
tx_id_5,1340,0.1030998
tx_id_5,1350,0.08674528
tx_id_5,1360,0.0054669175
tx_id_5,1370,0.0028632886
tx_id_5,1380,0.10206266
tx_id_5,1390,0.19840255
tx_id_5,1400,0.69033366
tx_id_5,1410,0.023140484
tx_id_5,1420,0.014256969
tx_id_5,1430,0.0031179148
tx_id_5,1440,0.022997752
tx_id_5,1450,0.00017429156
tx_id_5,1460,0.09461916
tx_id_5,1470,0.035428967
tx_id_5,1480,0.021254098
tx_id_5,1490,0.013378169
tx_id_5,1500,0.012376695
tx_id_5,1510,0.0035373396
tx_id_5,1520,0.029653829
tx_id_5,1530,0.009840276
tx_id_5,1540,0.013135832
tx_id_5,1550,0.08900045
tx_id_5,1560,0.023057709
tx_id_5,1570,0.00060483615
tx_id_5,1580,0.024119113
tx_id_5,1590,0.028928163
tx_id_5,1600,0.0048186164
tx_id_5,1610,0.05056321
tx_id_5,1620,0.20961791
tx_id_5,1630,0.021934101
tx_id_5,1640,0.006133658
tx_id_5,1650,0.016350877
tx_id_5,1660,0.0031709971
tx_id_5,1670,0.042683348
tx_id_5,1680,0.07352725
tx_id_5,1690,3.2693348e-05
tx_id_5,1700,0.029259153
tx_id_5,1710,0.13654557
tx_id_5,1720,0.06570981
tx_id_5,1730,0.0029697025
tx_id_5,1740,0.0027839167
tx_id_5,1750,0.15631449
tx_id_5,1760,0.036165595
tx_id_5,1770,7.9080644e-05
tx_id_5,1780,0.010913403
tx_id_5,1790,0.0057892497
tx_id_5,1800,0.0011373822
tx_id_5,1810,0.020636242
tx_id_5,1820,0.023065353
tx_id_5,1830,0.0025105262
tx_id_5,1840,0.0058435006
tx_id_5,1850,0.00086430414
tx_id_5,1860,0.21955794
tx_id_5,1870,0.034577273
tx_id_5,1880,0.0045999875
tx_id_6,0,0.0067041838
tx_id_6,10,0.028264545
tx_id_6,20,0.13001315
tx_id_6,30,0.07533556
tx_id_6,40,0.03482493
tx_id_6,50,0.0101014385
tx_id_6,60,0.0026499215
tx_id_6,70,0.000119357166
tx_id_6,80,0.00030022024
tx_id_6,90,0.016273117
tx_id_6,100,0.00035649232
tx_id_6,110,0.00017257039
tx_id_6,120,0.058907367
tx_id_6,130,0.0025327937
tx_id_6,140,0.013807234
tx_id_6,150,0.012211399
tx_id_6,160,0.020442575
tx_id_6,170,0.004171284
tx_id_6,180,0.02306346
tx_id_6,190,0.0043467297
tx_id_6,200,0.0071282526
tx_id_6,210,0.033183217
tx_id_6,220,0.022069233
tx_id_6,230,0.00858745
tx_id_6,240,0.108557194
tx_id_6,250,0.011294682
tx_id_6,260,0.009117302
tx_id_6,270,0.010410506
tx_id_6,280,0.0012687336
tx_id_6,290,0.0015977692
tx_id_6,300,0.0154950265
tx_id_6,310,0.08466467
tx_id_6,320,0.018604128
tx_id_6,330,0.0014494042
tx_id_6,340,9.355961e-05
tx_id_6,350,0.0045308117
tx_id_6,360,0.016470129
tx_id_6,370,0.03295452
tx_id_6,380,0.016917672
tx_id_6,390,0.04552198
tx_id_6,400,0.00039608532
tx_id_6,410,0.00016916993
tx_id_6,420,0.004364584
tx_id_6,430,0.035118636
tx_id_6,440,0.01448295
tx_id_6,450,0.013342374
tx_id_6,460,0.017175026
tx_id_6,470,0.00048623685
tx_id_6,480,0.007117239
tx_id_6,490,0.019603504
tx_id_6,500,0.030458009
tx_id_6,510,0.11956233
tx_id_6,520,0.0005130481
tx_id_6,530,0.03765668
tx_id_6,540,0.008592737
tx_id_6,550,0.002587565
tx_id_6,560,0.0062426436
tx_id_6,570,0.0002470835
tx_id_6,580,0.034384247
tx_id_6,590,0.00025771215
tx_id_6,600,0.00056106946
tx_id_6,610,0.022155486
tx_id_6,620,0.006288179
tx_id_6,630,0.04324931
tx_id_6,640,0.0033479128
tx_id_6,650,0.03733354
tx_id_6,660,0.0037500819
tx_id_6,670,0.06358686
tx_id_6,680,0.023929905
tx_id_6,690,0.040148653
tx_id_6,700,0.02622165
tx_id_6,710,0.012337907
tx_id_6,720,0.009767537
tx_id_6,730,0.0019475467
tx_id_6,740,0.002050312
tx_id_6,750,0.011820387
tx_id_6,760,0.027167575
tx_id_6,770,0.27836013
tx_id_6,780,0.01708839
tx_id_6,790,0.037741173
tx_id_6,800,0.008084108
tx_id_6,810,0.0052733766
tx_id_6,820,0.012666357
tx_id_6,830,0.00019998466
tx_id_6,840,0.0003527667
tx_id_6,850,0.08102403
tx_id_6,860,0.005151443
tx_id_6,870,0.0371439
tx_id_6,880,0.0023776814
tx_id_6,890,0.008189087
tx_id_6,900,0.002410864
tx_id_6,910,0.00036061
tx_id_6,920,0.0706762
tx_id_6,930,0.0065718186
tx_id_6,940,0.100864805
tx_id_6,950,0.0004323258
tx_id_6,960,0.08922732
tx_id_6,970,0.038933378
tx_id_6,980,0.000820469
tx_id_6,990,0.0053688926
tx_id_6,1000,0.048434414
tx_id_6,1010,0.0222334
tx_id_6,1020,0.0155818695
tx_id_6,1030,0.025452288
tx_id_6,1040,0.014447751
tx_id_6,1050,0.013457084
tx_id_6,1060,0.0041091796
tx_id_6,1070,0.017351793
tx_id_6,1080,0.035796087
tx_id_6,1090,0.08191477
tx_id_6,1100,0.000102350976
tx_id_6,1110,0.008939585
tx_id_6,1120,0.055861887
tx_id_6,1130,0.013198839
tx_id_6,1140,0.021616125
tx_id_6,1150,0.024211694
tx_id_6,1160,0.008992496
tx_id_6,1170,0.008363233
tx_id_6,1180,0.0055101127
tx_id_6,1190,0.02602416
tx_id_6,1200,0.0008311162
tx_id_6,1210,0.08978093
tx_id_6,1220,0.0017283189
tx_id_6,1230,0.02133962
tx_id_6,1240,0.00022964636
tx_id_6,1250,0.022272887
tx_id_6,1260,0.00010011907
tx_id_6,1270,0.0049086097
tx_id_6,1280,0.022398692
tx_id_6,1290,0.08737531
tx_id_6,1300,0.0006112375
tx_id_6,1310,0.027257623
tx_id_6,1320,0.0006474708
tx_id_6,1330,0.019073568
tx_id_6,1340,0.03188988
tx_id_6,1350,0.03261386
tx_id_6,1360,0.0031218447
tx_id_6,1370,0.0024941594
tx_id_6,1380,0.029918237
tx_id_6,1390,0.031873636
tx_id_6,1400,0.64713883
tx_id_6,1410,0.024672167
tx_id_6,1420,0.009653526
tx_id_6,1430,0.0029876714
tx_id_6,1440,0.014190379
tx_id_6,1450,0.00024677272
tx_id_6,1460,0.05861073
tx_id_6,1470,0.050589383
tx_id_6,1480,0.0132716065
tx_id_6,1490,0.0115721105
tx_id_6,1500,0.009993821
tx_id_6,1510,0.003884595
tx_id_6,1520,0.0048518083
tx_id_6,1530,0.0068281894
tx_id_6,1540,0.01059322
tx_id_6,1550,0.045283422
tx_id_6,1560,0.021416625
tx_id_6,1570,0.0008372215
tx_id_6,1580,0.01033139
tx_id_6,1590,0.010973525
tx_id_6,1600,0.005500776
tx_id_6,1610,0.014210805
tx_id_6,1620,0.05144618
tx_id_6,1630,0.023532854
tx_id_6,1640,0.002370794
tx_id_6,1650,0.009895564
tx_id_6,1660,0.00104987
tx_id_6,1670,0.02179027
tx_id_6,1680,0.056642182
tx_id_6,1690,2.769193e-05
tx_id_6,1700,0.019567207
tx_id_6,1710,0.070738554
tx_id_6,1720,0.020487849
tx_id_6,1730,0.0012883127
tx_id_6,1740,0.0018663417
tx_id_6,1750,0.09033078
tx_id_6,1760,0.020543456
tx_id_6,1770,7.6649674e-05
tx_id_6,1780,0.007112765
tx_id_6,1790,0.0032303126
tx_id_6,1800,0.001251768
tx_id_6,1810,0.012782399
tx_id_6,1820,0.009380046
tx_id_6,1830,0.0025854332
tx_id_6,1840,0.00993203
tx_id_6,1850,0.0010323515
tx_id_6,1860,0.034581594
tx_id_6,1870,0.01963872
tx_id_6,1880,0.0073938253
